{
  "accuracies": {
    "ig": {
      "avg": 0.10961538461538461,
      "std": 0.04487179487179486,
      "count": 2
    }
  },
  "runtime": {
    "ig": {
      "avg": 1.171494472026825,
      "std": 0.06164853204993751
    }
  }
}