{
  "accuracies": {
    "ig": {
      "avg": 1.0,
      "std": 0.0,
      "count": 10
    },
    "ig10sum": {
      "avg": 1.0,
      "std": 0.0,
      "count": 10
    },
    "ig10count13": {
      "avg": 0.5438901515151515,
      "std": 0.003947618526906597,
      "count": 10
    },
    "ig10rank": {
      "avg": 1.0,
      "std": 0.0,
      "count": 10
    },
    "ig10count26": {
      "avg": 0.9122196969696971,
      "std": 0.007895237053813139,
      "count": 10
    }
  },
  "runtime": {
    "ig": {
      "avg": 1.3075002228498458,
      "std": 0.026454335379773514
    },
    "ig10sum": {
      "avg": 1.3075002228498458,
      "std": 0.026454335379773514
    },
    "ig10count13": {
      "avg": 1.3075002228498458,
      "std": 0.026454335379773514
    },
    "ig10rank": {
      "avg": 1.3075002228498458,
      "std": 0.026454335379773514
    },
    "ig10count26": {
      "avg": 1.3075002228498458,
      "std": 0.026454335379773514
    }
  }
}