{
  "accuracies": {
    "ig": {
      "avg": 0.935,
      "std": 0.007071067811865429,
      "count": 3
    },
    "ig10sum": {
      "avg": 0.935,
      "std": 0.007071067811865429,
      "count": 3
    },
    "ig10rank": {
      "avg": 1.0,
      "std": 0.0,
      "count": 3
    }
  },
  "runtime": {
    "ig": {
      "avg": 1.317292717496554,
      "std": 0.02316230399187411
    },
    "ig10sum": {
      "avg": 1.3178064265395655,
      "std": 0.02419917507685343
    },
    "ig10rank": {
      "avg": 1.3205971376385008,
      "std": 0.025535853869600656
    }
  }
}