{
  "accuracies": {
    "pgmexplainer": {
      "avg": 0.08612449009324011,
      "std": 0.009090330349619298,
      "count": 10
    },
    "gnnexplainer": {
      "avg": 0.12120906177156177,
      "std": 0.0036570850021261387,
      "count": 10
    },
    "sa": {
      "avg": 0.25871547202797196,
      "std": 0.024294647267471135,
      "count": 10
    },
    "random": {
      "avg": 0.04247516025641026,
      "std": 0.001960254651906044,
      "count": 10
    },
    "ig": {
      "avg": 0.9344999999999999,
      "std": 0.017168284713389406,
      "count": 10
    }
  },
  "runtime": {
    "pgmexplainer": {
      "avg": 4.334806249916554,
      "std": 0.07949776183876718
    },
    "gnnexplainer": {
      "avg": 0.4770573974847794,
      "std": 0.009697392047702298
    },
    "sa": {
      "avg": 0.0033068062663078306,
      "std": 0.00013273915457024738
    },
    "random": {
      "avg": 3.385341167449951e-05,
      "std": 4.139635415955224e-06
    },
    "ig": {
      "avg": 1.323767628967762,
      "std": 0.031411800867981704
    }
  }
}