{
  "accuracies": {
    "random": {
      "avg": 0.0660166083916084,
      "std": 0.004103933513784231,
      "count": 10
    },
    "ig": {
      "avg": 1.0,
      "std": 0.0,
      "count": 10
    }
  },
  "runtime": {
    "random": {
      "avg": 2.8837203979492187e-05,
      "std": 4.17536009351709e-06
    },
    "ig": {
      "avg": 1.2722007224559784,
      "std": 0.02315767352403754
    }
  }
}