{
  "accuracies": {
    "pgmexplainer": {
      "avg": 0.0826529304029304,
      "std": 0.015464269415326179,
      "count": 10
    },
    "gnnexplainer": {
      "avg": 0.13176968864468863,
      "std": 0.006781742861357395,
      "count": 10
    },
    "sa": {
      "avg": 0.264858402014652,
      "std": 0.018812596907124397,
      "count": 10
    },
    "random": {
      "avg": 0.04529258241758242,
      "std": 0.0030841512590607683,
      "count": 10
    },
    "ig": {
      "avg": 0.8784777930402929,
      "std": 0.008674025620587835,
      "count": 10
    }
  },
  "runtime": {
    "pgmexplainer": {
      "avg": 4.436594550549984,
      "std": 0.05192386176813862
    },
    "gnnexplainer": {
      "avg": 0.5090222067832947,
      "std": 0.004374561044696245
    },
    "sa": {
      "avg": 0.003678397059440613,
      "std": 0.00015392737107740363
    },
    "random": {
      "avg": 3.6608219146728514e-05,
      "std": 5.837489802378638e-06
    },
    "ig": {
      "avg": 1.3902196083068847,
      "std": 0.02989020296879839
    }
  }
}