{
  "accuracies": {
    "sa": {
      "avg": 0.2675480769230769,
      "std": 0.0,
      "count": 1
    },
    "random": {
      "avg": 0.04394803113553113,
      "std": 0.0,
      "count": 1
    },
    "ig": {
      "avg": 0.889848901098901,
      "std": 0.0,
      "count": 1
    }
  },
  "runtime": {
    "sa": {
      "avg": 0.003229168653488159,
      "std": 0.00017585042805646548
    },
    "random": {
      "avg": 3.0397772789001465e-05,
      "std": 5.768892102056157e-06
    },
    "ig": {
      "avg": 1.2529554241895675,
      "std": 0.022239316410938046
    }
  }
}