{
  "accuracies": {
    "pgmexplainer": {
      "avg": 0.14259921328671327,
      "std": 0.01622544129539916,
      "count": 10
    },
    "gnnexplainer": {
      "avg": 0.10701099941724941,
      "std": 0.007749827849508767,
      "count": 10
    },
    "sa": {
      "avg": 0.25804195804195806,
      "std": 0.0167659898628098,
      "count": 10
    },
    "random": {
      "avg": 0.021076923076923076,
      "std": 0.001386335466124926,
      "count": 10
    },
    "ig": {
      "avg": 0.9167500000000001,
      "std": 0.010249999999999999,
      "count": 10
    }
  },
  "runtime": {
    "pgmexplainer": {
      "avg": 6.320223581135273,
      "std": 0.1951669998951276
    },
    "gnnexplainer": {
      "avg": 0.4746684734225273,
      "std": 0.01263308446168447
    },
    "sa": {
      "avg": 0.0032681742906570436,
      "std": 0.00019405337641556963
    },
    "random": {
      "avg": 3.8938701152801515e-05,
      "std": 8.560660932271933e-06
    },
    "ig": {
      "avg": 1.3066367484927177,
      "std": 0.04541132652657796
    }
  }
}