{
  "accuracies": {
    "ig": {
      "avg": 0.15665501165501164,
      "std": 0.11455158239408177,
      "count": 10
    },
    "ig10sum": {
      "avg": 0.15665501165501164,
      "std": 0.11455158239408177,
      "count": 10
    },
    "ig10count13": {
      "avg": 0.13253088578088576,
      "std": 0.08275216887576713,
      "count": 10
    },
    "ig10rank": {
      "avg": 0.15665501165501164,
      "std": 0.11455158239408177,
      "count": 10
    },
    "ig10count26": {
      "avg": 0.14138607226107225,
      "std": 0.1026990554744233,
      "count": 10
    }
  },
  "runtime": {
    "ig": {
      "avg": 1.2202539240598678,
      "std": 0.0240582252293451
    },
    "ig10sum": {
      "avg": 1.2202539240598678,
      "std": 0.0240582252293451
    },
    "ig10count13": {
      "avg": 1.2202539240598678,
      "std": 0.0240582252293451
    },
    "ig10rank": {
      "avg": 1.2202539240598678,
      "std": 0.0240582252293451
    },
    "ig10count26": {
      "avg": 1.2202539240598678,
      "std": 0.0240582252293451
    }
  }
}