{
  "accuracies": {
    "random": {
      "avg": 0.49750586023883236,
      "std": 0.03944198805204904,
      "count": 10
    }
  },
  "runtime": {
    "random": {
      "avg": 0.00010585118193487727,
      "std": 1.822113541008293e-05
    }
  }
}