{
  "accuracies": {
    "pgmexplainer": {
      "avg": 0.031311917249417245,
      "std": 0.00591968986895815,
      "count": 8
    },
    "pgmexplainer10sum": {
      "avg": 0.007552811771561772,
      "std": 0.0022186919972970853,
      "count": 8
    },
    "pgmexplainer10rank": {
      "avg": 0.05954108391608392,
      "std": 0.004356153669749857,
      "count": 8
    }
  },
  "runtime": {
    "pgmexplainer": {
      "avg": 1.6871643942594527,
      "std": 0.012990511409727451
    },
    "pgmexplainer10sum": {
      "avg": 1.6887172519618814,
      "std": 0.013817028010892735
    },
    "pgmexplainer10rank": {
      "avg": 1.6875247804891496,
      "std": 0.015930436893375786
    }
  }
}