{
  "accuracies": {
    "ig": {
      "avg": 0.926875,
      "std": 0.006465050270492901,
      "count": 4
    },
    "ig10sum": {
      "avg": 0.926875,
      "std": 0.006465050270492901,
      "count": 4
    },
    "ig10rank": {
      "avg": 0.76625,
      "std": 0.01718465885608438,
      "count": 4
    }
  },
  "runtime": {
    "ig": {
      "avg": 1.3141885170340537,
      "std": 0.022405715583300994
    },
    "ig10sum": {
      "avg": 1.3118450306355953,
      "std": 0.023871969237259455
    },
    "ig10rank": {
      "avg": 1.3112772028502964,
      "std": 0.02424581610535552
    }
  }
}