{
  "accuracies": {
    "pgmexplainer": {
      "avg": 0.03239486208236208,
      "std": 0.002984359968714754,
      "count": 6
    },
    "pgmexplainer10sum": {
      "avg": 0.008532196969696969,
      "std": 0.0010106079587777037,
      "count": 6
    },
    "pgmexplainer10rank": {
      "avg": 0.03861827408702408,
      "std": 0.002076918737793286,
      "count": 6
    }
  },
  "runtime": {
    "pgmexplainer": {
      "avg": 0.4918373614549637,
      "std": 0.005092263627076163
    },
    "pgmexplainer10sum": {
      "avg": 0.4918571351423408,
      "std": 0.005028066655601196
    },
    "pgmexplainer10rank": {
      "avg": 0.4923268336010358,
      "std": 0.004636559561916111
    }
  }
}