{
  "accuracies": {
    "pgmexplainer": {
      "avg": 0.17670745920745923,
      "std": 0.0,
      "count": 1
    }
  },
  "runtime": {
    "pgmexplainer": {
      "avg": 6.076197874546051,
      "std": 0.028867510848588074
    }
  }
}