{
  "accuracies": {
    "pgmexplainer": {
      "avg": 0.08145592948717947,
      "std": 0.008131270958391756,
      "count": 10
    },
    "gnnexplainer": {
      "avg": 0.13058298992673992,
      "std": 0.006850726209576859,
      "count": 10
    },
    "sa": {
      "avg": 0.2623709935897436,
      "std": 0.012592155529516293,
      "count": 10
    },
    "random": {
      "avg": 0.045290178571428565,
      "std": 0.002306483552519202,
      "count": 10
    },
    "ig": {
      "avg": 0.8746847527472529,
      "std": 0.011212770822748973,
      "count": 10
    }
  },
  "runtime": {
    "pgmexplainer": {
      "avg": 3.9661425349116324,
      "std": 0.025176338854881655
    },
    "gnnexplainer": {
      "avg": 0.4634133077859878,
      "std": 0.003863339998106517
    },
    "sa": {
      "avg": 0.0031631441712379454,
      "std": 0.0001433371071511677
    },
    "random": {
      "avg": 2.961474657058716e-05,
      "std": 2.556457313676378e-06
    },
    "ig": {
      "avg": 1.2411009009480476,
      "std": 0.025960827227266642
    }
  }
}