{
  "accuracies": {
    "ig": {
      "avg": 0.94,
      "std": 0.0,
      "count": 1
    },
    "ig10sum": {
      "avg": 0.94,
      "std": 0.0,
      "count": 1
    },
    "ig10count": {
      "avg": 0.2075,
      "std": 0.0,
      "count": 1
    },
    "ig10rank": {
      "avg": 0.0,
      "std": 0.0,
      "count": 1
    }
  },
  "runtime": {
    "ig": {
      "avg": 1.2953639537096024,
      "std": 0.026260171721918742
    },
    "ig10sum": {
      "avg": 1.292917162505063,
      "std": 0.025424056532023537
    },
    "ig10count": {
      "avg": 1.2867492543515704,
      "std": 0.02536733960707852
    },
    "ig10rank": {
      "avg": 1.2856888489377114,
      "std": 0.024989938842426083
    }
  }
}