{
  "accuracies": {
    "pgmexplainer": {
      "avg": 0.036774475524475526,
      "std": 0.0,
      "count": 1
    }
  },
  "runtime": {
    "pgmexplainer": {
      "avg": 5.025377771854401,
      "std": 0.019786823773018377
    }
  }
}