{
  "accuracies": {
    "ig": {
      "avg": 0.12863141025641023,
      "std": 0.07442365810910682,
      "count": 10
    }
  },
  "runtime": {
    "ig": {
      "avg": 1.1375816431045531,
      "std": 0.024818032014296786
    }
  }
}