{
  "accuracies": {
    "pgmexplainer": {
      "avg": 0.17246882284382284,
      "std": 0.01619099960969027,
      "count": 10
    },
    "pgmexplainer10sum": {
      "avg": 0.2682272727272727,
      "std": 0.01592212766437765,
      "count": 10
    },
    "pgmexplainer10count13": {
      "avg": 0.27336043123543124,
      "std": 0.011050587612419387,
      "count": 10
    },
    "pgmexplainer10rank": {
      "avg": 0.4091468531468531,
      "std": 0.022739032236530458,
      "count": 10
    },
    "pgmexplainer10count26": {
      "avg": 0.26153846153846155,
      "std": 0.014449277137778795,
      "count": 10
    }
  },
  "runtime": {
    "pgmexplainer": {
      "avg": 5.866542725849151,
      "std": 0.047633553504417635
    },
    "pgmexplainer10sum": {
      "avg": 5.866542725849151,
      "std": 0.047633553504417635
    },
    "pgmexplainer10count13": {
      "avg": 5.866542725849151,
      "std": 0.047633553504417635
    },
    "pgmexplainer10rank": {
      "avg": 5.866542725849151,
      "std": 0.047633553504417635
    },
    "pgmexplainer10count26": {
      "avg": 5.866542725849151,
      "std": 0.047633553504417635
    }
  }
}