{
  "accuracies": {
    "random": {
      "avg": 0.06417624042624043,
      "std": 0.002422125584241703,
      "count": 7
    },
    "random10sum": {
      "avg": 0.06425241425241425,
      "std": 0.004222409261203795,
      "count": 7
    },
    "random10count": {
      "avg": 0.04066100566100566,
      "std": 0.003886840740459631,
      "count": 7
    },
    "random10rank": {
      "avg": 0.06415168165168164,
      "std": 0.0049033979601699725,
      "count": 7
    }
  },
  "runtime": {
    "random": {
      "avg": 1.3314383370535714e-05,
      "std": 9.94193096193042e-06
    },
    "random10sum": {
      "avg": 1.3314383370535714e-05,
      "std": 9.94193096193042e-06
    },
    "random10count": {
      "avg": 1.3314383370535714e-05,
      "std": 9.94193096193042e-06
    },
    "random10rank": {
      "avg": 1.3314383370535714e-05,
      "std": 9.94193096193042e-06
    }
  }
}