{
  "accuracies": {
    "pgmexplainer": {
      "avg": 0.08785302197802197,
      "std": 0.010470548766445735,
      "count": 10
    },
    "gnnexplainer": {
      "avg": 0.13024473443223444,
      "std": 0.008601372579388122,
      "count": 10
    },
    "sa": {
      "avg": 0.25712637362637364,
      "std": 0.0215474349334179,
      "count": 10
    },
    "random": {
      "avg": 0.045721497252747254,
      "std": 0.002831892803883834,
      "count": 10
    },
    "ig": {
      "avg": 0.872977793040293,
      "std": 0.01150644729133288,
      "count": 10
    }
  },
  "runtime": {
    "pgmexplainer": {
      "avg": 4.402097664356232,
      "std": 0.04771193046433267
    },
    "gnnexplainer": {
      "avg": 0.4951001151204109,
      "std": 0.0068533746973905504
    },
    "sa": {
      "avg": 0.0036121422052383424,
      "std": 0.00014011425696975704
    },
    "random": {
      "avg": 3.3235549926757814e-05,
      "std": 4.344932492930072e-06
    },
    "ig": {
      "avg": 1.3640597559213639,
      "std": 0.02897348934795793
    }
  }
}