{
  "accuracies": {
    "gnnexplainer": {
      "avg": 0.1184574592074592,
      "std": 0.009788564699724073,
      "count": 10
    },
    "gnnexplainer10sum": {
      "avg": 0.2937625291375291,
      "std": 0.014366553617946285,
      "count": 10
    },
    "gnnexplainer10count": {
      "avg": 0.17057226107226106,
      "std": 0.013075916741690815,
      "count": 10
    },
    "gnnexplainer10rank": {
      "avg": 0.2095413752913753,
      "std": 0.01033603027328952,
      "count": 10
    }
  },
  "runtime": {
    "gnnexplainer": {
      "avg": 0.468808251619339,
      "std": 0.004227839542533247
    },
    "gnnexplainer10sum": {
      "avg": 0.46956102748350664,
      "std": 0.004325006737209583
    },
    "gnnexplainer10count": {
      "avg": 0.4690008566379547,
      "std": 0.003677435120666302
    },
    "gnnexplainer10rank": {
      "avg": 0.4688437179750012,
      "std": 0.0033957219573642135
    }
  }
}