{
  "accuracies": {
    "random": {
      "avg": 0.003125,
      "std": 0.0,
      "count": 1
    }
  },
  "runtime": {
    "random": {
      "avg": 3.321170806884766e-05,
      "std": 9.13639469078551e-06
    }
  }
}