{
  "accuracies": {
    "random": {
      "avg": 1.0,
      "std": 0.0,
      "count": 1
    }
  },
  "runtime": {
    "random": {
      "avg": 5.054473876953125e-05,
      "std": 2.2172927856445312e-05
    }
  }
}