{
  "accuracies": {
    "ig": {
      "avg": 0.10771969696969697,
      "std": 0.05457523247732267,
      "count": 10
    }
  },
  "runtime": {
    "ig": {
      "avg": 1.1363035655021667,
      "std": 0.0264799609493962
    }
  }
}