{
  "accuracies": {
    "pgmexplainer": {
      "avg": 0.038626456876456876,
      "std": 0.006472338990493918,
      "count": 10
    },
    "gnnexplainer": {
      "avg": 0.1486107226107226,
      "std": 0.017528143056819434,
      "count": 10
    },
    "sa": {
      "avg": 0.00780506993006993,
      "std": 0.0018365539940918328,
      "count": 10
    },
    "random": {
      "avg": 0.06356847319347318,
      "std": 0.005423547632175333,
      "count": 10
    },
    "ig": {
      "avg": 1.0,
      "std": 0.0,
      "count": 10
    }
  },
  "runtime": {
    "pgmexplainer": {
      "avg": 5.153288955926895,
      "std": 0.031307122211183716
    },
    "gnnexplainer": {
      "avg": 0.483465603351593,
      "std": 0.002614363995752061
    },
    "sa": {
      "avg": 0.0032492456436157228,
      "std": 0.00015021121540365683
    },
    "random": {
      "avg": 2.855539321899414e-05,
      "std": 3.1354635733392746e-06
    },
    "ig": {
      "avg": 1.2949644241333007,
      "std": 0.023931805376729013
    }
  }
}