{
  "accuracies": {
    "pgmexplainer": {
      "avg": 0.03612995337995338,
      "std": 0.007749099968578666,
      "count": 5
    },
    "pgmexplainer10sum": {
      "avg": 0.00837004662004662,
      "std": 0.001867081939421098,
      "count": 5
    },
    "pgmexplainer10count": {
      "avg": 0.018520979020979024,
      "std": 0.003782311939469963,
      "count": 5
    },
    "pgmexplainer10rank": {
      "avg": 0.07417424242424243,
      "std": 0.004972854081439716,
      "count": 5
    }
  },
  "runtime": {
    "pgmexplainer": {
      "avg": 5.094505556106568,
      "std": 0.15280535549358
    },
    "pgmexplainer10sum": {
      "avg": 5.116645277283409,
      "std": 0.13746144668360835
    },
    "pgmexplainer10count": {
      "avg": 5.131699980054583,
      "std": 0.1469890276075848
    },
    "pgmexplainer10rank": {
      "avg": 5.119145669537206,
      "std": 0.1505024363666872
    }
  }
}