{
  "accuracies": {
    "pgmexplainer": {
      "avg": 0.08104864926739927,
      "std": 0.011533427494755657,
      "count": 10
    },
    "gnnexplainer": {
      "avg": 0.13456810897435897,
      "std": 0.008882074177712477,
      "count": 10
    },
    "sa": {
      "avg": 0.25619505494505496,
      "std": 0.012784961880029313,
      "count": 10
    },
    "random": {
      "avg": 0.04442010073260073,
      "std": 0.0019051916098319422,
      "count": 10
    },
    "ig": {
      "avg": 0.8761481227106229,
      "std": 0.00789375378794018,
      "count": 10
    }
  },
  "runtime": {
    "pgmexplainer": {
      "avg": 3.979701471567154,
      "std": 0.05701200424849667
    },
    "gnnexplainer": {
      "avg": 0.4704128902554512,
      "std": 0.009478016500765619
    },
    "sa": {
      "avg": 0.0031400309205055236,
      "std": 0.00014692397321766892
    },
    "random": {
      "avg": 2.933228015899658e-05,
      "std": 2.9892849544632476e-06
    },
    "ig": {
      "avg": 1.2605882746577264,
      "std": 0.03843389637969969
    }
  }
}