{
  "accuracies": {
    "pgmexplainer": {
      "avg": 0.08748981227106226,
      "std": 0.0072566429977893795,
      "count": 10
    },
    "gnnexplainer": {
      "avg": 0.12937122252747252,
      "std": 0.006558796038698818,
      "count": 10
    },
    "sa": {
      "avg": 0.25861263736263734,
      "std": 0.013360045364594182,
      "count": 10
    },
    "random": {
      "avg": 0.04557326007326007,
      "std": 0.00313498986069751,
      "count": 10
    },
    "ig": {
      "avg": 0.8780668498168499,
      "std": 0.013137760846692036,
      "count": 10
    }
  },
  "runtime": {
    "pgmexplainer": {
      "avg": 4.4216057497859005,
      "std": 0.059488206209705664
    },
    "gnnexplainer": {
      "avg": 0.505258586525917,
      "std": 0.0032140368678784336
    },
    "sa": {
      "avg": 0.0036556999087333677,
      "std": 0.00016500093284268878
    },
    "random": {
      "avg": 3.903639316558838e-05,
      "std": 7.42942618211264e-06
    },
    "ig": {
      "avg": 1.3784722865819932,
      "std": 0.029699411240792447
    }
  }
}