{
  "accuracies": {
    "pgmexplainer": {
      "avg": 0.06705528846153846,
      "std": 0.012963345896711038,
      "count": 8
    }
  },
  "runtime": {
    "pgmexplainer": {
      "avg": 1.7897947493195534,
      "std": 0.012240102553020875
    }
  }
}