{
  "accuracies": {
    "gnnexplainer": {
      "avg": 0.149768648018648,
      "std": 0.013786625065904686,
      "count": 10
    },
    "gnnexplainer10sum": {
      "avg": 0.34304254079254076,
      "std": 0.015870387176577863,
      "count": 10
    },
    "gnnexplainer10count13": {
      "avg": 0.2192060023310023,
      "std": 0.01135937171560104,
      "count": 10
    },
    "gnnexplainer10rank": {
      "avg": 0.24935314685314686,
      "std": 0.012894920361367053,
      "count": 10
    },
    "gnnexplainer10count26": {
      "avg": 0.23283857808857808,
      "std": 0.014429021566944712,
      "count": 10
    },
    "sa": {
      "avg": 0.0078088578088578095,
      "std": 0.0021581859224701415,
      "count": 10
    },
    "sa10sum": {
      "avg": 0.0078088578088578095,
      "std": 0.0021581859224701415,
      "count": 10
    },
    "sa10count13": {
      "avg": 0.0078088578088578095,
      "std": 0.0021581859224701415,
      "count": 10
    },
    "sa10rank": {
      "avg": 0.0078088578088578095,
      "std": 0.0021581859224701415,
      "count": 10
    },
    "sa10count26": {
      "avg": 0.0078088578088578095,
      "std": 0.0021581859224701415,
      "count": 10
    },
    "random": {
      "avg": 0.06298164335664337,
      "std": 0.004402431703926588,
      "count": 10
    },
    "random10sum": {
      "avg": 0.06524941724941725,
      "std": 0.0038015246850504553,
      "count": 10
    },
    "random10count13": {
      "avg": 0.04853030303030303,
      "std": 0.0047039743271946035,
      "count": 10
    },
    "random10rank": {
      "avg": 0.06566142191142191,
      "std": 0.0038834104881213783,
      "count": 10
    },
    "random10count26": {
      "avg": 0.041558857808857805,
      "std": 0.0039004654934896915,
      "count": 10
    },
    "ig": {
      "avg": 1.0,
      "std": 0.0,
      "count": 10
    },
    "ig10sum": {
      "avg": 1.0,
      "std": 0.0,
      "count": 10
    },
    "ig10count13": {
      "avg": 0.5445958624708626,
      "std": 0.004414137765110222,
      "count": 10
    },
    "ig10rank": {
      "avg": 1.0,
      "std": 0.0,
      "count": 10
    },
    "ig10count26": {
      "avg": 0.9116856060606061,
      "std": 0.0088871297365396,
      "count": 10
    }
  },
  "runtime": {
    "gnnexplainer": {
      "avg": 0.45811333680152894,
      "std": 0.006714405483214216
    },
    "gnnexplainer10sum": {
      "avg": 0.45811333680152894,
      "std": 0.006714405483214216
    },
    "gnnexplainer10count13": {
      "avg": 0.45811333680152894,
      "std": 0.006714405483214216
    },
    "gnnexplainer10rank": {
      "avg": 0.45811333680152894,
      "std": 0.006714405483214216
    },
    "gnnexplainer10count26": {
      "avg": 0.45811333680152894,
      "std": 0.006714405483214216
    },
    "sa": {
      "avg": 0.002889638090133667,
      "std": 0.00017584019729379328
    },
    "sa10sum": {
      "avg": 0.002889638090133667,
      "std": 0.00017584019729379328
    },
    "sa10count13": {
      "avg": 0.002889638090133667,
      "std": 0.00017584019729379328
    },
    "sa10rank": {
      "avg": 0.002889638090133667,
      "std": 0.00017584019729379328
    },
    "sa10count26": {
      "avg": 0.002889638090133667,
      "std": 0.00017584019729379328
    },
    "random": {
      "avg": 1.1476802825927734e-05,
      "std": 6.036783734339339e-06
    },
    "random10sum": {
      "avg": 1.1476802825927734e-05,
      "std": 6.036783734339339e-06
    },
    "random10count13": {
      "avg": 1.1476802825927734e-05,
      "std": 6.036783734339339e-06
    },
    "random10rank": {
      "avg": 1.1476802825927734e-05,
      "std": 6.036783734339339e-06
    },
    "random10count26": {
      "avg": 1.1476802825927734e-05,
      "std": 6.036783734339339e-06
    },
    "ig": {
      "avg": 1.2411771807432175,
      "std": 0.024626183085678086
    },
    "ig10sum": {
      "avg": 1.2411771807432175,
      "std": 0.024626183085678086
    },
    "ig10count13": {
      "avg": 1.2411771807432175,
      "std": 0.024626183085678086
    },
    "ig10rank": {
      "avg": 1.2411771807432175,
      "std": 0.024626183085678086
    },
    "ig10count26": {
      "avg": 1.2411771807432175,
      "std": 0.024626183085678086
    }
  }
}