{
  "accuracies": {
    "random": {
      "avg": 0.0,
      "std": 0.0,
      "count": 1
    }
  },
  "runtime": {
    "random": {
      "avg": 6.222724914550781e-05,
      "std": 1.430511474609375e-05
    }
  }
}