{
  "accuracies": {
    "sa": {
      "avg": 0.28395250582750586,
      "std": 0.0,
      "count": 1
    },
    "sa10sum": {
      "avg": 0.28395250582750586,
      "std": 0.0,
      "count": 1
    },
    "sa10count": {
      "avg": 0.02895250582750583,
      "std": 0.0,
      "count": 1
    },
    "sa10rank": {
      "avg": 0.28395250582750586,
      "std": 0.0,
      "count": 1
    }
  },
  "runtime": {
    "sa": {
      "avg": 0.00317925751209259,
      "std": 0.00019638516300912967
    },
    "sa10sum": {
      "avg": 0.002938476313244213,
      "std": 0.0001892302640481068
    },
    "sa10count": {
      "avg": 0.002922496852420625,
      "std": 0.0001828284170772347
    },
    "sa10rank": {
      "avg": 0.0029199654248452957,
      "std": 0.00018075843928237333
    }
  }
}