{
  "accuracies": {
    "sa": {
      "avg": 0.27417970571095573,
      "std": 0.01819358916530518,
      "count": 10
    },
    "sa10sum": {
      "avg": 0.27417970571095573,
      "std": 0.01819358916530518,
      "count": 10
    },
    "sa10count": {
      "avg": 0.24572486888111889,
      "std": 0.018879936119643483,
      "count": 10
    },
    "sa10rank": {
      "avg": 0.0315854458041958,
      "std": 0.0008111383402836467,
      "count": 10
    }
  },
  "runtime": {
    "sa": {
      "avg": 0.0032373552918434144,
      "std": 0.00013100562206485848
    },
    "sa10sum": {
      "avg": 0.0030300069722262297,
      "std": 0.00014313557356804434
    },
    "sa10count": {
      "avg": 0.0030092962781588235,
      "std": 0.00013846509709563985
    },
    "sa10rank": {
      "avg": 0.0030066597327109306,
      "std": 0.00013551350543052133
    }
  }
}