{
  "accuracies": {
    "gnnexplainer": {
      "avg": 0.09853268259518261,
      "std": 0.0037882808084132697,
      "count": 9
    },
    "gnnexplainer10sum": {
      "avg": 0.2226624417249417,
      "std": 0.00819168547815361,
      "count": 9
    },
    "gnnexplainer10rank": {
      "avg": 0.15120273245273244,
      "std": 0.005819190179137592,
      "count": 9
    }
  },
  "runtime": {
    "gnnexplainer": {
      "avg": 0.48403103397952185,
      "std": 0.003814316542117147
    },
    "gnnexplainer10sum": {
      "avg": 0.48287121688476714,
      "std": 0.00443179561463115
    },
    "gnnexplainer10rank": {
      "avg": 0.48311394869019747,
      "std": 0.004371255462486503
    }
  }
}