{
  "accuracies": {
    "pgmexplainer": {
      "avg": 0.04315559440559441,
      "std": 0.0,
      "count": 1
    }
  },
  "runtime": {
    "pgmexplainer": {
      "avg": 1.677073917388916,
      "std": 0.006306747338989599
    }
  }
}