{
  "accuracies": {
    "ig": {
      "avg": 1.0,
      "std": 0.0,
      "count": 10
    },
    "ig10sum": {
      "avg": 1.0,
      "std": 0.0,
      "count": 10
    },
    "ig10count": {
      "avg": 0.9121212121212121,
      "std": 0.007411553782884121,
      "count": 10
    },
    "ig10rank": {
      "avg": 1.0,
      "std": 0.0,
      "count": 10
    }
  },
  "runtime": {
    "ig": {
      "avg": 1.2504582512378692,
      "std": 0.03581632652229927
    },
    "ig10sum": {
      "avg": 1.24794139844721,
      "std": 0.03480344733392584
    },
    "ig10count": {
      "avg": 1.2460665969848632,
      "std": 0.033777240926751516
    },
    "ig10rank": {
      "avg": 1.2437387185019833,
      "std": 0.03316742176255782
    }
  }
}