{
  "accuracies": {
    "random": {
      "avg": 0.003125,
      "std": 0.0054126587736527424,
      "count": 4
    }
  },
  "runtime": {
    "random": {
      "avg": 0.0008349575102329255,
      "std": 3.991782651874771e-05
    }
  }
}