{
  "accuracies": {
    "random": {
      "avg": 0.48892672858617126,
      "std": 0.0216748947066823,
      "count": 4
    }
  },
  "runtime": {
    "random": {
      "avg": 0.00010522779098338327,
      "std": 1.7300973435548115e-05
    }
  }
}