{
  "accuracies": {
    "pgmexplainer": {
      "avg": 0.0897398747086247,
      "std": 0.006713006187966325,
      "count": 10
    },
    "gnnexplainer": {
      "avg": 0.1209996357808858,
      "std": 0.007878804022473776,
      "count": 10
    },
    "sa": {
      "avg": 0.2671469988344989,
      "std": 0.014075695246410799,
      "count": 10
    },
    "random": {
      "avg": 0.036393866550116546,
      "std": 0.0010200620560660695,
      "count": 10
    },
    "ig": {
      "avg": 0.9359999999999999,
      "std": 0.01342572158209755,
      "count": 10
    }
  },
  "runtime": {
    "pgmexplainer": {
      "avg": 4.214151127398014,
      "std": 0.03729438106433216
    },
    "gnnexplainer": {
      "avg": 0.4787626937031746,
      "std": 0.002622011313792777
    },
    "sa": {
      "avg": 0.003260937213897705,
      "std": 0.00010434275718695147
    },
    "random": {
      "avg": 3.387451171875e-05,
      "std": 4.3888748438409774e-06
    },
    "ig": {
      "avg": 1.3164470212459565,
      "std": 0.024307161317979258
    }
  }
}