{
  "accuracies": {
    "sa": {
      "avg": 0.007336829836829836,
      "std": 0.0011953143521129953,
      "count": 10
    },
    "sa10sum": {
      "avg": 0.007336829836829836,
      "std": 0.0011953143521129953,
      "count": 10
    },
    "sa10count13": {
      "avg": 0.007336829836829836,
      "std": 0.0011953143521129953,
      "count": 10
    },
    "sa10rank": {
      "avg": 0.007336829836829836,
      "std": 0.0011953143521129953,
      "count": 10
    },
    "sa10count26": {
      "avg": 0.007336829836829836,
      "std": 0.0011953143521129953,
      "count": 10
    }
  },
  "runtime": {
    "sa": {
      "avg": 0.002881617832183838,
      "std": 0.00016701969931944938
    },
    "sa10sum": {
      "avg": 0.002881617832183838,
      "std": 0.00016701969931944938
    },
    "sa10count13": {
      "avg": 0.002881617832183838,
      "std": 0.00016701969931944938
    },
    "sa10rank": {
      "avg": 0.002881617832183838,
      "std": 0.00016701969931944938
    },
    "sa10count26": {
      "avg": 0.002881617832183838,
      "std": 0.00016701969931944938
    }
  }
}