{
  "accuracies": {
    "pgmexplainer": {
      "avg": 0.044231351981351974,
      "std": 0.009019654446100943,
      "count": 5
    },
    "pgmexplainer10sum": {
      "avg": 0.008543123543123542,
      "std": 0.002279544196440276,
      "count": 5
    },
    "pgmexplainer10count13": {
      "avg": 0.03333624708624709,
      "std": 0.0035563540205535028,
      "count": 5
    },
    "pgmexplainer10rank": {
      "avg": 0.08115384615384616,
      "std": 0.0046837140222340725,
      "count": 5
    },
    "pgmexplainer10count26": {
      "avg": 0.015653846153846154,
      "std": 0.004246479385099694,
      "count": 5
    }
  },
  "runtime": {
    "pgmexplainer": {
      "avg": 5.103982777643203,
      "std": 0.08786948029109597
    },
    "pgmexplainer10sum": {
      "avg": 5.103982777643203,
      "std": 0.08786948029109597
    },
    "pgmexplainer10count13": {
      "avg": 5.103982777643203,
      "std": 0.08786948029109597
    },
    "pgmexplainer10rank": {
      "avg": 5.103982777643203,
      "std": 0.08786948029109597
    },
    "pgmexplainer10count26": {
      "avg": 5.103982777643203,
      "std": 0.08786948029109597
    }
  }
}