{
  "accuracies": {
    "random": {
      "avg": 0.004166666666666667,
      "std": 0.0,
      "count": 1
    }
  },
  "runtime": {
    "random": {
      "avg": 2.7105212211608887e-05,
      "std": 4.96697972163058e-06
    }
  }
}