{
  "accuracies": {
    "pgmexplainer": {
      "avg": 0.13203328962703964,
      "std": 0.008383371574772008,
      "count": 10
    },
    "gnnexplainer": {
      "avg": 0.14287157634032632,
      "std": 0.004148386594446852,
      "count": 10
    },
    "sa": {
      "avg": 0.26196620046620045,
      "std": 0.015424228556856249,
      "count": 10
    },
    "random": {
      "avg": 0.14836764277389278,
      "std": 0.003951160235745713,
      "count": 10
    },
    "ig": {
      "avg": 0.9177500000000001,
      "std": 0.01158932698649927,
      "count": 10
    }
  },
  "runtime": {
    "pgmexplainer": {
      "avg": 3.4712686589956285,
      "std": 0.04316050575031567
    },
    "gnnexplainer": {
      "avg": 0.4869779198169708,
      "std": 0.00379631686189207
    },
    "sa": {
      "avg": 0.0032291015386581422,
      "std": 9.482778957325471e-05
    },
    "random": {
      "avg": 2.6333868503570558e-05,
      "std": 2.5899788946873038e-06
    },
    "ig": {
      "avg": 1.3293298567533494,
      "std": 0.024329461665598538
    }
  }
}