{
  "accuracies": {
    "sa": {
      "avg": 0.038333916083916085,
      "std": 0.0012308554538650533,
      "count": 10
    },
    "sa10sum": {
      "avg": 0.038333916083916085,
      "std": 0.0012308554538650533,
      "count": 10
    },
    "sa10count": {
      "avg": 0.038333916083916085,
      "std": 0.0012308554538650533,
      "count": 10
    },
    "sa10rank": {
      "avg": 0.038333916083916085,
      "std": 0.0012308554538650533,
      "count": 10
    }
  },
  "runtime": {
    "sa": {
      "avg": 0.0032448556423187256,
      "std": 0.00016148857928204954
    },
    "sa10sum": {
      "avg": 0.003025618834929033,
      "std": 0.00014324194444811559
    },
    "sa10count": {
      "avg": 0.003004768905185518,
      "std": 0.000137493396901016
    },
    "sa10rank": {
      "avg": 0.002998787933780301,
      "std": 0.000134593617555083
    }
  }
}