{
  "accuracies": {
    "sa": {
      "avg": 0.008007721445221444,
      "std": 0.0013951223832940223,
      "count": 4
    },
    "sa10sum": {
      "avg": 0.008007721445221444,
      "std": 0.0013951223832940223,
      "count": 4
    },
    "sa10count13": {
      "avg": 0.008007721445221444,
      "std": 0.0013951223832940223,
      "count": 4
    },
    "sa10rank": {
      "avg": 0.008007721445221444,
      "std": 0.0013951223832940223,
      "count": 4
    },
    "sa10count26": {
      "avg": 0.008007721445221444,
      "std": 0.0013951223832940223,
      "count": 4
    }
  },
  "runtime": {
    "sa": {
      "avg": 0.0030255621075630187,
      "std": 0.0001763620867952231
    },
    "sa10sum": {
      "avg": 0.0030255621075630187,
      "std": 0.0001763620867952231
    },
    "sa10count13": {
      "avg": 0.0030255621075630187,
      "std": 0.0001763620867952231
    },
    "sa10rank": {
      "avg": 0.0030255621075630187,
      "std": 0.0001763620867952231
    },
    "sa10count26": {
      "avg": 0.0030255621075630187,
      "std": 0.0001763620867952231
    }
  }
}