{
  "accuracies": {
    "pgmexplainer": {
      "avg": 0.02946759259259259,
      "std": 0.004198440547822997,
      "count": 9
    },
    "pgmexplainer10sum": {
      "avg": 0.007817356254856255,
      "std": 0.002478226766418731,
      "count": 9
    },
    "pgmexplainer10rank": {
      "avg": 0.03852305102305102,
      "std": 0.0023263676160311213,
      "count": 9
    }
  },
  "runtime": {
    "pgmexplainer": {
      "avg": 1.04403078575929,
      "std": 0.011414448606118038
    },
    "pgmexplainer10sum": {
      "avg": 1.0439124334821797,
      "std": 0.010046304729146874
    },
    "pgmexplainer10rank": {
      "avg": 1.0445344437840123,
      "std": 0.01091061265099837
    }
  }
}