{
  "accuracies": {
    "random": {
      "avg": 0.06340501165501165,
      "std": 0.0034061839358179055,
      "count": 10
    },
    "random10sum": {
      "avg": 0.06340501165501165,
      "std": 0.0034061839358179055,
      "count": 10
    },
    "random10count": {
      "avg": 0.050982808857808856,
      "std": 0.0038102268060303318,
      "count": 10
    },
    "random10rank": {
      "avg": 0.050982808857808856,
      "std": 0.0038102268060303318,
      "count": 10
    }
  },
  "runtime": {
    "random": {
      "avg": 1.2705063819885253e-05,
      "std": 8.485338455380246e-06
    },
    "random10sum": {
      "avg": 1.2705063819885253e-05,
      "std": 8.485338455380246e-06
    },
    "random10count": {
      "avg": 1.2705063819885253e-05,
      "std": 8.485338455380246e-06
    },
    "random10rank": {
      "avg": 1.2705063819885253e-05,
      "std": 8.485338455380246e-06
    }
  }
}