{
  "accuracies": {
    "gnnexplainer": {
      "avg": 0.09699664918414919,
      "std": 0.003526369463869458,
      "count": 2
    },
    "gnnexplainer10sum": {
      "avg": 0.21527170745920746,
      "std": 0.008429487179487188,
      "count": 2
    },
    "gnnexplainer10count": {
      "avg": 0.271630608974359,
      "std": 0.020450539044289062,
      "count": 2
    },
    "gnnexplainer10rank": {
      "avg": 0.010458551864801865,
      "std": 0.0008642919580419571,
      "count": 2
    }
  },
  "runtime": {
    "gnnexplainer": {
      "avg": 0.4624559822678566,
      "std": 0.004258717167999809
    },
    "gnnexplainer10sum": {
      "avg": 0.46166211385618555,
      "std": 0.004294841489498373
    },
    "gnnexplainer10count": {
      "avg": 0.4603719861592565,
      "std": 0.003781399158385338
    },
    "gnnexplainer10rank": {
      "avg": 0.4599477493955243,
      "std": 0.003689165475094117
    }
  }
}