{
  "accuracies": {
    "sa": {
      "avg": 0.2745889423076923,
      "std": 0.021358308440964816,
      "count": 10
    },
    "sa10sum": {
      "avg": 0.2745889423076923,
      "std": 0.021358308440964816,
      "count": 10
    },
    "sa10rank": {
      "avg": 0.2745889423076923,
      "std": 0.021358308440964816,
      "count": 10
    }
  },
  "runtime": {
    "sa": {
      "avg": 0.0032356824278831483,
      "std": 0.00010961518507626187
    },
    "sa10sum": {
      "avg": 0.003030296114358035,
      "std": 0.00012165657875866067
    },
    "sa10rank": {
      "avg": 0.0030154272261120026,
      "std": 0.00011353488783594352
    }
  }
}