{
  "accuracies": {
    "pgmexplainer": {
      "avg": 0.05608282342657344,
      "std": 0.003093126268955904,
      "count": 6
    },
    "pgmexplainer10sum": {
      "avg": 0.09838080322455323,
      "std": 0.0036580593629231945,
      "count": 6
    },
    "pgmexplainer10rank": {
      "avg": 0.14461756993006994,
      "std": 0.005766297017051867,
      "count": 6
    }
  },
  "runtime": {
    "pgmexplainer": {
      "avg": 0.49374724745750426,
      "std": 0.00418140459448618
    },
    "pgmexplainer10sum": {
      "avg": 0.4934948068947503,
      "std": 0.0041963278082368565
    },
    "pgmexplainer10rank": {
      "avg": 0.49267943947561205,
      "std": 0.005706488633918135
    }
  }
}