{
  "accuracies": {
    "sa": {
      "avg": 0.03932750582750583,
      "std": 0.0008422921376341975,
      "count": 10
    },
    "sa10sum": {
      "avg": 0.03932750582750583,
      "std": 0.0008422921376341975,
      "count": 10
    },
    "sa10count": {
      "avg": 0.03932750582750583,
      "std": 0.0008422921376341975,
      "count": 10
    },
    "sa10rank": {
      "avg": 0.03932750582750583,
      "std": 0.0008422921376341975,
      "count": 10
    }
  },
  "runtime": {
    "sa": {
      "avg": 0.0030333385229110717,
      "std": 0.00015508040330474262
    },
    "sa10sum": {
      "avg": 0.0030333385229110717,
      "std": 0.00015508040330474262
    },
    "sa10count": {
      "avg": 0.0030333385229110717,
      "std": 0.00015508040330474262
    },
    "sa10rank": {
      "avg": 0.0030333385229110717,
      "std": 0.00015508040330474262
    }
  }
}