{
  "accuracies": {
    "random": {
      "avg": 0.008333333333333333,
      "std": 0.007795119555779044,
      "count": 3
    }
  },
  "runtime": {
    "random": {
      "avg": 3.350873788197835e-05,
      "std": 7.358176632774471e-06
    }
  }
}