{
  "accuracies": {
    "pgmexplainer": {
      "avg": 0.03428139568764569,
      "std": 0.00010817307692307515,
      "count": 2
    },
    "pgmexplainer10sum": {
      "avg": 0.009520323426573427,
      "std": 0.00035657051282051225,
      "count": 2
    },
    "pgmexplainer10rank": {
      "avg": 0.06217038170163171,
      "std": 0.003992934149184151,
      "count": 2
    }
  },
  "runtime": {
    "pgmexplainer": {
      "avg": 2.315179998576641,
      "std": 0.017249124689142727
    },
    "pgmexplainer10sum": {
      "avg": 2.3109699661352416,
      "std": 0.018270099582203582
    },
    "pgmexplainer10rank": {
      "avg": 2.3118071204423902,
      "std": 0.01903019872253317
    }
  }
}