{
  "accuracies": {
    "gnnexplainer": {
      "avg": 0.12900641025641024,
      "std": 0.012654927781693269,
      "count": 10
    },
    "gnnexplainer10sum": {
      "avg": 0.2987701048951049,
      "std": 0.014628363667564833,
      "count": 10
    },
    "gnnexplainer10count13": {
      "avg": 0.17066229603729602,
      "std": 0.009903806296472117,
      "count": 10
    },
    "gnnexplainer10rank": {
      "avg": 0.20560168997668998,
      "std": 0.01288328437587037,
      "count": 10
    },
    "gnnexplainer10count26": {
      "avg": 0.17809731934731934,
      "std": 0.013033552254586902,
      "count": 10
    }
  },
  "runtime": {
    "gnnexplainer": {
      "avg": 0.4833831493139267,
      "std": 0.003462123945850824
    },
    "gnnexplainer10sum": {
      "avg": 0.4833831493139267,
      "std": 0.003462123945850824
    },
    "gnnexplainer10count13": {
      "avg": 0.4833831493139267,
      "std": 0.003462123945850824
    },
    "gnnexplainer10rank": {
      "avg": 0.4833831493139267,
      "std": 0.003462123945850824
    },
    "gnnexplainer10count26": {
      "avg": 0.4833831493139267,
      "std": 0.003462123945850824
    }
  }
}