{
  "accuracies": {
    "random": {
      "avg": 0.06347610722610722,
      "std": 0.00350944755859495,
      "count": 4
    },
    "random10sum": {
      "avg": 0.06347610722610722,
      "std": 0.00350944755859495,
      "count": 4
    },
    "random10count": {
      "avg": 0.048865093240093235,
      "std": 0.002852176791185517,
      "count": 4
    },
    "random10rank": {
      "avg": 0.059752331002331,
      "std": 0.001676755311049962,
      "count": 4
    }
  },
  "runtime": {
    "random": {
      "avg": 1.3161778450012208e-05,
      "std": 9.405666369750592e-06
    },
    "random10sum": {
      "avg": 1.3161778450012208e-05,
      "std": 9.405666369750592e-06
    },
    "random10count": {
      "avg": 1.3161778450012208e-05,
      "std": 9.405666369750592e-06
    },
    "random10rank": {
      "avg": 1.3161778450012208e-05,
      "std": 9.405666369750592e-06
    }
  }
}