{
  "accuracies": {
    "ig": {
      "avg": 0.3093677156177156,
      "std": 0.2529117110428033,
      "count": 10
    }
  },
  "runtime": {
    "ig": {
      "avg": 1.1717874143123628,
      "std": 0.02467125036514715
    }
  }
}