{
  "accuracies": {
    "sa": {
      "avg": 0.03852068764568765,
      "std": 0.0011842325286020342,
      "count": 10
    },
    "sa10sum": {
      "avg": 0.03852068764568765,
      "std": 0.0011842325286020342,
      "count": 10
    },
    "sa10count13": {
      "avg": 0.03852068764568765,
      "std": 0.0011842325286020342,
      "count": 10
    },
    "sa10rank": {
      "avg": 0.03852068764568765,
      "std": 0.0011842325286020342,
      "count": 10
    },
    "sa10count26": {
      "avg": 0.03852068764568765,
      "std": 0.0011842325286020342,
      "count": 10
    }
  },
  "runtime": {
    "sa": {
      "avg": 0.002868826699256897,
      "std": 0.00019760690973968294
    },
    "sa10sum": {
      "avg": 0.002868826699256897,
      "std": 0.00019760690973968294
    },
    "sa10count13": {
      "avg": 0.002868826699256897,
      "std": 0.00019760690973968294
    },
    "sa10rank": {
      "avg": 0.002868826699256897,
      "std": 0.00019760690973968294
    },
    "sa10count26": {
      "avg": 0.002868826699256897,
      "std": 0.00019760690973968294
    }
  }
}