{
  "accuracies": {
    "random": {
      "avg": 0.04743360805860806,
      "std": 0.0,
      "count": 1
    }
  },
  "runtime": {
    "random": {
      "avg": 2.774953842163086e-05,
      "std": 3.964513861866056e-06
    }
  }
}