{
  "accuracies": {
    "random": {
      "avg": 0.047229853479853486,
      "std": 0.0,
      "count": 1
    }
  },
  "runtime": {
    "random": {
      "avg": 2.984464168548584e-05,
      "std": 5.786949824890823e-06
    }
  }
}