{
  "accuracies": {
    "random": {
      "avg": 0.0,
      "std": 0.0,
      "count": 1
    }
  },
  "runtime": {
    "random": {
      "avg": 2.536773681640625e-05,
      "std": 8.436497934978747e-06
    }
  }
}