{
  "accuracies": {
    "pgmexplainer": {
      "avg": 0.08806905594405594,
      "std": 0.010512535850731659,
      "count": 10
    },
    "gnnexplainer": {
      "avg": 0.10032932692307692,
      "std": 0.004100722914237834,
      "count": 10
    },
    "sa": {
      "avg": 0.2716837121212121,
      "std": 0.021396521093039782,
      "count": 10
    },
    "random": {
      "avg": 0.04844063228438228,
      "std": 0.0022134702836632634,
      "count": 10
    },
    "ig": {
      "avg": 0.9244999999999999,
      "std": 0.009987492177719074,
      "count": 10
    }
  },
  "runtime": {
    "pgmexplainer": {
      "avg": 4.231182560205459,
      "std": 0.03471821677780176
    },
    "gnnexplainer": {
      "avg": 0.4742695947289467,
      "std": 0.005484780973895141
    },
    "sa": {
      "avg": 0.003265562653541565,
      "std": 0.0001562661587923348
    },
    "random": {
      "avg": 3.2309234142303465e-05,
      "std": 3.708794559005395e-06
    },
    "ig": {
      "avg": 1.3156110790371895,
      "std": 0.024772445051172782
    }
  }
}