{
  "accuracies": {
    "random": {
      "avg": 0.04605196886446887,
      "std": 0.0,
      "count": 1
    },
    "ig": {
      "avg": 0.8829029304029306,
      "std": 0.0,
      "count": 1
    }
  },
  "runtime": {
    "random": {
      "avg": 2.8634071350097655e-05,
      "std": 3.807537990127016e-06
    },
    "ig": {
      "avg": 1.2449225586652757,
      "std": 0.02431211443007675
    }
  }
}