{
  "ig": [
    [
      0.0,
      0.0,
      0.3076923076923077,
      0.25,
      0.20833333333333334,
      0.25,
      0.25,
      0.0,
      0.25,
      0.0,
      0.25,
      0.25,
      0.23076923076923078,
      0.25,
      0.3076923076923077,
      0.25,
      0.25,
      0.25,
      0.25,
      0.0,
      0.0,
      0.25,
      0.0,
      0.25,
      0.25,
      0.0,
      0.0,
      0.0,
      0.38461538461538464,
      0.0,
      0.0,
      0.0,
      0.38461538461538464,
      0.25,
      0.25,
      0.25,
      0.0,
      0.34615384615384615,
      0.0,
      0.25,
      0.38461538461538464,
      0.0,
      0.25,
      0.0,
      0.0,
      0.3076923076923077,
      0.38461538461538464,
      0.25,
      0.0,
      0.25,
      0.3076923076923077,
      0.0,
      0.25,
      0.25,
      0.25,
      0.25,
      0.38461538461538464,
      0.38461538461538464,
      0.0,
      0.0,
      0.25,
      0.38461538461538464,
      0.38461538461538464,
      0.25,
      0.0,
      0.38461538461538464,
      0.34615384615384615,
      0.0,
      0.0,
      0.25,
      0.0,
      0.25,
      0.38461538461538464,
      0.23076923076923078,
      0.0,
      0.25,
      0.0,
      0.38461538461538464,
      0.23076923076923078,
      0.0,
      0.25,
      0.25,
      0.0,
      0.0,
      0.38461538461538464,
      0.25,
      0.38461538461538464,
      0.38461538461538464,
      0.38461538461538464,
      0.0,
      0.25,
      0.2692307692307692,
      0.34615384615384615,
      0.38461538461538464,
      0.25,
      0.34615384615384615,
      0.0,
      0.38461538461538464,
      0.23076923076923078,
      0.38461538461538464
    ]
  ],
  "ig10sum": [
    [
      0.0,
      0.0,
      0.3076923076923077,
      0.25,
      0.20833333333333334,
      0.25,
      0.25,
      0.0,
      0.25,
      0.0,
      0.25,
      0.25,
      0.23076923076923078,
      0.25,
      0.3076923076923077,
      0.25,
      0.25,
      0.25,
      0.25,
      0.0,
      0.0,
      0.25,
      0.0,
      0.25,
      0.25,
      0.0,
      0.0,
      0.0,
      0.38461538461538464,
      0.0,
      0.0,
      0.0,
      0.38461538461538464,
      0.25,
      0.25,
      0.25,
      0.0,
      0.34615384615384615,
      0.0,
      0.25,
      0.38461538461538464,
      0.0,
      0.25,
      0.0,
      0.0,
      0.3076923076923077,
      0.38461538461538464,
      0.25,
      0.0,
      0.25,
      0.3076923076923077,
      0.0,
      0.25,
      0.25,
      0.25,
      0.25,
      0.38461538461538464,
      0.38461538461538464,
      0.0,
      0.0,
      0.25,
      0.38461538461538464,
      0.38461538461538464,
      0.25,
      0.0,
      0.38461538461538464,
      0.34615384615384615,
      0.0,
      0.0,
      0.25,
      0.0,
      0.25,
      0.38461538461538464,
      0.23076923076923078,
      0.0,
      0.25,
      0.0,
      0.38461538461538464,
      0.23076923076923078,
      0.0,
      0.25,
      0.25,
      0.0,
      0.0,
      0.38461538461538464,
      0.25,
      0.38461538461538464,
      0.38461538461538464,
      0.38461538461538464,
      0.0,
      0.25,
      0.2692307692307692,
      0.34615384615384615,
      0.38461538461538464,
      0.25,
      0.34615384615384615,
      0.0,
      0.38461538461538464,
      0.23076923076923078,
      0.38461538461538464
    ]
  ],
  "ig10count13": [
    [
      0.0,
      0.0,
      0.19230769230769232,
      0.16666666666666666,
      0.125,
      0.25,
      0.25,
      0.0,
      0.16666666666666666,
      0.0,
      0.125,
      0.25,
      0.15384615384615385,
      0.25,
      0.19230769230769232,
      0.25,
      0.25,
      0.25,
      0.16666666666666666,
      0.0,
      0.0,
      0.20833333333333334,
      0.0,
      0.25,
      0.25,
      0.0,
      0.0,
      0.0,
      0.23076923076923078,
      0.0,
      0.0,
      0.0,
      0.19230769230769232,
      0.25,
      0.16666666666666666,
      0.25,
      0.0,
      0.19230769230769232,
      0.0,
      0.16666666666666666,
      0.19230769230769232,
      0.0,
      0.25,
      0.0,
      0.0,
      0.19230769230769232,
      0.23076923076923078,
      0.25,
      0.045454545454545456,
      0.25,
      0.19230769230769232,
      0.0,
      0.20833333333333334,
      0.16666666666666666,
      0.25,
      0.25,
      0.34615384615384615,
      0.23076923076923078,
      0.0,
      0.0,
      0.16666666666666666,
      0.23076923076923078,
      0.19230769230769232,
      0.25,
      0.0,
      0.23076923076923078,
      0.19230769230769232,
      0.0,
      0.045454545454545456,
      0.25,
      0.0,
      0.25,
      0.23076923076923078,
      0.19230769230769232,
      0.0,
      0.25,
      0.0,
      0.23076923076923078,
      0.19230769230769232,
      0.0,
      0.20833333333333334,
      0.16666666666666666,
      0.0,
      0.0,
      0.23076923076923078,
      0.16666666666666666,
      0.23076923076923078,
      0.23076923076923078,
      0.23076923076923078,
      0.0,
      0.16666666666666666,
      0.19230769230769232,
      0.19230769230769232,
      0.19230769230769232,
      0.25,
      0.19230769230769232,
      0.0,
      0.19230769230769232,
      0.15384615384615385,
      0.19230769230769232
    ]
  ],
  "ig10rank": [
    [
      0.0,
      0.0,
      0.3076923076923077,
      0.25,
      0.20833333333333334,
      0.25,
      0.25,
      0.0,
      0.25,
      0.0,
      0.25,
      0.25,
      0.23076923076923078,
      0.25,
      0.3076923076923077,
      0.25,
      0.25,
      0.25,
      0.25,
      0.0,
      0.0,
      0.25,
      0.0,
      0.25,
      0.25,
      0.0,
      0.0,
      0.0,
      0.38461538461538464,
      0.0,
      0.0,
      0.0,
      0.38461538461538464,
      0.25,
      0.25,
      0.25,
      0.0,
      0.34615384615384615,
      0.0,
      0.25,
      0.38461538461538464,
      0.0,
      0.25,
      0.0,
      0.0,
      0.3076923076923077,
      0.38461538461538464,
      0.25,
      0.0,
      0.25,
      0.3076923076923077,
      0.0,
      0.25,
      0.25,
      0.25,
      0.25,
      0.38461538461538464,
      0.38461538461538464,
      0.0,
      0.0,
      0.25,
      0.38461538461538464,
      0.38461538461538464,
      0.25,
      0.0,
      0.38461538461538464,
      0.34615384615384615,
      0.0,
      0.0,
      0.25,
      0.0,
      0.25,
      0.38461538461538464,
      0.23076923076923078,
      0.0,
      0.25,
      0.0,
      0.38461538461538464,
      0.23076923076923078,
      0.0,
      0.25,
      0.25,
      0.0,
      0.0,
      0.38461538461538464,
      0.25,
      0.38461538461538464,
      0.38461538461538464,
      0.38461538461538464,
      0.0,
      0.25,
      0.2692307692307692,
      0.34615384615384615,
      0.38461538461538464,
      0.25,
      0.34615384615384615,
      0.0,
      0.38461538461538464,
      0.23076923076923078,
      0.38461538461538464
    ]
  ],