{
  "accuracies": {
    "ig": {
      "avg": 0.1968910256410256,
      "std": 0.0,
      "count": 1
    },
    "ig10sum": {
      "avg": 0.1968910256410256,
      "std": 0.0,
      "count": 1
    },
    "ig10count13": {
      "avg": 0.14344114219114218,
      "std": 0.0,
      "count": 1
    },
    "ig10rank": {
      "avg": 0.1968910256410256,
      "std": 0.0,
      "count": 1
    },
    "ig10count26": {
      "avg": 0.18439102564102558,
      "std": 0.0,
      "count": 1
    }
  },
  "runtime": {
    "ig": {
      "avg": 1.1616715619564055,
      "std": 0.02334377579933498
    },
    "ig10sum": {
      "avg": 1.1616715619564055,
      "std": 0.02334377579933498
    },
    "ig10count13": {
      "avg": 1.1616715619564055,
      "std": 0.02334377579933498
    },
    "ig10rank": {
      "avg": 1.1616715619564055,
      "std": 0.02334377579933498
    },
    "ig10count26": {
      "avg": 1.1616715619564055,
      "std": 0.02334377579933498
    }
  }
}