{
  "accuracies": {
    "sa": {
      "avg": 0.03899096736596737,
      "std": 0.0010829358129038564,
      "count": 10
    },
    "sa10sum": {
      "avg": 0.03899096736596737,
      "std": 0.0010829358129038564,
      "count": 10
    },
    "sa10count": {
      "avg": 0.03899096736596737,
      "std": 0.0010829358129038564,
      "count": 10
    },
    "sa10rank": {
      "avg": 0.03899096736596737,
      "std": 0.0010829358129038564,
      "count": 10
    }
  },
  "runtime": {
    "sa": {
      "avg": 0.0031164608478546144,
      "std": 0.00022806690666185518
    },
    "sa10sum": {
      "avg": 0.0031164608478546144,
      "std": 0.00022806690666185518
    },
    "sa10count": {
      "avg": 0.0031164608478546144,
      "std": 0.00022806690666185518
    },
    "sa10rank": {
      "avg": 0.0031164608478546144,
      "std": 0.00022806690666185518
    }
  }
}