{
  "accuracies": {
    "random": {
      "avg": 1.0,
      "std": 0.0,
      "count": 1
    }
  },
  "runtime": {
    "random": {
      "avg": 5.245208740234375e-05,
      "std": 2.0503997802734375e-05
    }
  }
}