{
  "pgmexplainer": [
    [
      0.0,
      0.0,
      0.0,
      0.0,
      0.0,
      0.0,
      0.0,
      0.0,
      0.18181818181818182,
      0.4230769230769231,
      0.09090909090909091,
      0.0,
      0.0,
      0.0,
      0.0,
      0.0,
      0.0,
      0.15384615384615385,
      0.0,
      0.0,
      0.0,
      0.18181818181818182,
      0.0,
      0.0,
      0.045454545454545456,
      0.041666666666666664,
      0.0,
      0.0,
      0.0,
      0.0,
      0.0,
      0.0,
      0.0,
      0.0,
      0.08333333333333333,
      0.0,
      0.0,
      0.0,
      0.0,
      0.0,
      0.22727272727272727,
      0.0,
      0.0,
      0.041666666666666664,
      0.0,
      0.09090909090909091,
      0.0,
      0.0,
      0.0,
      0.0,
      0.3076923076923077,
      0.0,
      0.0,
      0.0,
      0.0,
      0.15384615384615385,
      0.25,
      0.0,
      0.0,
      0.0,
      0.0,
      0.0,
      0.0,
      0.16666666666666666,
      0.0,
      0.0,
      0.0,
      0.0,
      0.18181818181818182,
      0.0,
      0.0,
      0.08333333333333333,
      0.038461538461538464,
      0.0,
      0.0,
      0.0,
      0.0,
      0.23076923076923078,
      0.0,
      0.0,
      0.0,
      0.0,
      0.0,
      0.18181818181818182,
      0.22727272727272727,
      0.0,
      0.15384615384615385,
      0.0,
      0.0,
      0.0,
      0.0,
      0.23076923076923078,
      0.0,
      0.0,
      0.0,
      0.0,
      0.0,
      0.0,
      0.4230769230769231,
      0.0
    ]
  ],
  "gnnexplainer": [
    [
      0.2727272727272727,
      0.0,
      0.2727272727272727,
      0.11538461538461539,
      0.16666666666666666,
      0.625,
      0.0,
      0.07692307692307693,
      0.045454545454545456,
      0.38461538461538464,
      0.7272727272727273,
      0.16666666666666666,
      0.3181818181818182,
      0.3181818181818182,
      0.045454545454545456,
      0.08333333333333333,
      0.125,
      0.5,
      0.16666666666666666,
      0.0,
      0.20833333333333334,
      0.22727272727272727,
      0.13636363636363635,
      0.045454545454545456,
      0.13636363636363635,
      0.0,
      0.038461538461538464,
      0.13636363636363635,
      0.38461538461538464,
      0.20833333333333334,
      0.041666666666666664,
      0.045454545454545456,
      0.041666666666666664,
      0.3181818181818182,
      0.08333333333333333,
      0.36363636363636365,
      0.16666666666666666,
      0.045454545454545456,
      0.041666666666666664,
      0.5909090909090909,
      0.045454545454545456,
      0.19230769230769232,
      0.038461538461538464,
      0.08333333333333333,
      0.16666666666666666,
      0.6818181818181818,
      0.09090909090909091,
      0.07692307692307693,
      0.3076923076923077,
      0.3333333333333333,
      0.11538461538461539,
      0.2727272727272727,
      0.23076923076923078,
      0.38461538461538464,
      0.0,
      0.038461538461538464,
      0.125,
      0.2727272727272727,
      0.13636363636363635,
      0.4230769230769231,
      0.34615384615384615,
      0.15384615384615385,
      0.6923076923076923,
      0.08333333333333333,
      0.5416666666666666,
      0.13636363636363635,
      0.0,
      0.11538461538461539,
      0.4090909090909091,
      0.038461538461538464,
      0.45454545454545453,
      0.125,
      0.46153846153846156,
      0.045454545454545456,
      0.13636363636363635,
      0.23076923076923078,
      0.07692307692307693,
      0.0,
      0.34615384615384615,
      0.08333333333333333,
      0.11538461538461539,
      0.045454545454545456,
      0.125,
      0.6363636363636364,
      0.5,
      0.0,
      0.2692307692307692,
      0.09090909090909091,
      0.09090909090909091,
      0.3076923076923077,
      0.09090909090909091,
      0.11538461538461539,
      0.041666666666666664,
      0.038461538461538464,
      0.09090909090909091,
      0.07692307692307693,
      0.18181818181818182,
      0.19230769230769232,
      0.0,
      0.36363636363636365
    ]
  ],
  "sa": [
    [
      0.045454545454545456,
      0.045454545454545456,
      0.0,
      0.038461538461538464,
      0.041666666666666664,
      0.041666666666666664,
      0.041666666666666664,
      0.038461538461538464,
      0.045454545454545456,
      0.038461538461538464,
      0.045454545454545456,
      0.041666666666666664,
      0.0,
      0.045454545454545456,
      0.045454545454545456,
      0.041666666666666664,
      0.041666666666666664,
      0.038461538461538464,
      0.041666666666666664,
      0.041666666666666664,
      0.041666666666666664,
      0.045454545454545456,
      0.045454545454545456,
      0.045454545454545456,
      0.045454545454545456,
      0.041666666666666664,
      0.038461538461538464,
      0.045454545454545456,
      0.038461538461538464,
      0.041666666666666664,
      0.041666666666666664,
      0.045454545454545456,
      0.041666666666666664,
      0.045454545454545456,
      0.041666666666666664,
      0.045454545454545456,
      0.041666666666666664,
      0.045454545454545456,
      0.041666666666666664,
      0.045454545454545456,
      0.045454545454545456,
      0.038461538461538464,
      0.038461538461538464,
      0.041666666666666664,
      0.0,
      0.045454545454545456,
      0.045454545454545456,
      0.038461538461538464,
      0.038461538461538464,
      0.041666666666666664,
      0.038461538461538464,
      0.045454545454545456,
      0.038461538461538464,
      0.038461538461538464,
      0.041666666666666664,
      0.038461538461538464,
      0.041666666666666664,
      0.045454545454545456,
      0.0,
      0.038461538461538464,
      0.038461538461538464,
      0.038461538461538464,
      0.038461538461538464,
      0.041666666666666664,
      0.041666666666666664,
      0.0,
      0.041666666666666664,
      0.038461538461538464,
      0.0,
      0.038461538461538464,
      0.045454545454545456,
      0.041666666666666664,
      0.038461538461538464,
      0.045454545454545456,
      0.045454545454545456,
      0.038461538461538464,
      0.038461538461538464,
      0.038461538461538464,
      0.038461538461538464,
      0.041666666666666664,
      0.038461538461538464,
      0.045454545454545456,
      0.041666666666666664,
      0.0,
      0.045454545454545456,
      0.045454545454545456,
      0.038461538461538464,
      0.045454545454545456,
      0.045454545454545456,
      0.038461538461538464,
      0.045454545454545456,
      0.038461538461538464,
      0.041666666666666664,
      0.038461538461538464,
      0.045454545454545456,
      0.038461538461538464,
      0.045454545454545456,
      0.038461538461538464,
      0.038461538461538464,
      0.045454545454545456
    ]
  ]
}