{
  "accuracies": {
    "sa": {
      "avg": 0.039361013986013986,
      "std": 0.001191553274405992,
      "count": 10
    },
    "sa10sum": {
      "avg": 0.039361013986013986,
      "std": 0.001191553274405992,
      "count": 10
    },
    "sa10count13": {
      "avg": 0.039361013986013986,
      "std": 0.001191553274405992,
      "count": 10
    },
    "sa10rank": {
      "avg": 0.039361013986013986,
      "std": 0.001191553274405992,
      "count": 10
    },
    "sa10count26": {
      "avg": 0.039361013986013986,
      "std": 0.001191553274405992,
      "count": 10
    }
  },
  "runtime": {
    "sa": {
      "avg": 0.003373054528236389,
      "std": 0.0003200945269800437
    },
    "sa10sum": {
      "avg": 0.003373054528236389,
      "std": 0.0003200945269800437
    },
    "sa10count13": {
      "avg": 0.003373054528236389,
      "std": 0.0003200945269800437
    },
    "sa10rank": {
      "avg": 0.003373054528236389,
      "std": 0.0003200945269800437
    },
    "sa10count26": {
      "avg": 0.003373054528236389,
      "std": 0.0003200945269800437
    }
  }
}