{
  "accuracies": {
    "ig": {
      "avg": 0.07692307692307693,
      "std": 0.0,
      "count": 1
    }
  },
  "runtime": {
    "ig": {
      "avg": 1.1547777652740479,
      "std": 0.0
    }
  }
}