{
  "accuracies": {
    "sa": {
      "avg": 0.038809440559440564,
      "std": 0.0007559616119325925,
      "count": 10
    },
    "sa10sum": {
      "avg": 0.038809440559440564,
      "std": 0.0007559616119325925,
      "count": 10
    },
    "sa10count": {
      "avg": 0.038809440559440564,
      "std": 0.0007559616119325925,
      "count": 10
    },
    "sa10rank": {
      "avg": 0.038809440559440564,
      "std": 0.0007559616119325925,
      "count": 10
    }
  },
  "runtime": {
    "sa": {
      "avg": 0.0031336973667144778,
      "std": 0.00023482475365469333
    },
    "sa10sum": {
      "avg": 0.0031336973667144778,
      "std": 0.00023482475365469333
    },
    "sa10count": {
      "avg": 0.0031336973667144778,
      "std": 0.00023482475365469333
    },
    "sa10rank": {
      "avg": 0.0031336973667144778,
      "std": 0.00023482475365469333
    }
  }
}