{
  "accuracies": {
    "gnnexplainer": {
      "avg": 0.09448222610722609,
      "std": 0.0074809813342547465,
      "count": 10
    },
    "gnnexplainer10sum": {
      "avg": 0.22726791958041956,
      "std": 0.012197349968512312,
      "count": 10
    },
    "gnnexplainer10rank": {
      "avg": 0.15368742715617714,
      "std": 0.0048457380514595316,
      "count": 10
    }
  },
  "runtime": {
    "gnnexplainer": {
      "avg": 0.4927055597901344,
      "std": 0.006369697899899618
    },
    "gnnexplainer10sum": {
      "avg": 0.49107519980994135,
      "std": 0.0073227253247998315
    },
    "gnnexplainer10rank": {
      "avg": 0.49073604295083456,
      "std": 0.007415114063229508
    }
  }
}