{
  "accuracies": {
    "ig": {
      "avg": 0.14173368298368297,
      "std": 0.07859732922236011,
      "count": 8
    }
  },
  "runtime": {
    "ig": {
      "avg": 1.1640952122211456,
      "std": 0.024136378431842128
    }
  }
}