{
  "accuracies": {
    "sa": {
      "avg": 0.03873368298368299,
      "std": 0.0006480165517901417,
      "count": 5
    },
    "sa10sum": {
      "avg": 0.03873368298368299,
      "std": 0.0006480165517901417,
      "count": 5
    },
    "sa10count": {
      "avg": 0.03873368298368299,
      "std": 0.0006480165517901417,
      "count": 5
    },
    "sa10rank": {
      "avg": 0.03873368298368299,
      "std": 0.0006480165517901417,
      "count": 5
    }
  },
  "runtime": {
    "sa": {
      "avg": 0.0032398462295532226,
      "std": 0.00012156179847614006
    },
    "sa10sum": {
      "avg": 0.0030641737417741255,
      "std": 0.0001273891756222069
    },
    "sa10count": {
      "avg": 0.0030446328208560036,
      "std": 0.00012294448020451688
    },
    "sa10rank": {
      "avg": 0.0030394799940047725,
      "std": 0.00011920283796712906
    }
  }
}