{
  "accuracies": {
    "random": {
      "avg": 0.4842876676986584,
      "std": 0.03746153755727654,
      "count": 10
    }
  },
  "runtime": {
    "random": {
      "avg": 0.00010615279047664898,
      "std": 1.8210349794215494e-05
    }
  }
}