{
  "accuracies": {
    "random": {
      "avg": 0.06340501165501165,
      "std": 0.0036371497043516045,
      "count": 10
    },
    "random10sum": {
      "avg": 0.0636072261072261,
      "std": 0.004011367774072658,
      "count": 10
    },
    "random10count": {
      "avg": 0.04210402097902099,
      "std": 0.0038253673060278564,
      "count": 10
    },
    "random10rank": {
      "avg": 0.0637631118881119,
      "std": 0.004713375596683009,
      "count": 10
    }
  },
  "runtime": {
    "random": {
      "avg": 3.075814247131347e-05,
      "std": 4.847976202685486e-06
    },
    "random10sum": {
      "avg": 1.4352625066583807e-05,
      "std": 8.89620350488033e-06
    },
    "random10count": {
      "avg": 1.3469798224312919e-05,
      "std": 7.759545487492986e-06
    },
    "random10rank": {
      "avg": 1.3235538236556515e-05,
      "std": 7.325210045189352e-06
    }
  }
}