{
  "accuracies": {
    "random": {
      "avg": 0.06574271561771562,
      "std": 0.004066038668599384,
      "count": 10
    },
    "random10sum": {
      "avg": 0.06360606060606062,
      "std": 0.004446973897109512,
      "count": 10
    },
    "random10count13": {
      "avg": 0.04871561771561772,
      "std": 0.0035600735336307073,
      "count": 10
    },
    "random10rank": {
      "avg": 0.0637051282051282,
      "std": 0.004553011730754476,
      "count": 10
    },
    "random10count26": {
      "avg": 0.0423479020979021,
      "std": 0.003855087103877138,
      "count": 10
    }
  },
  "runtime": {
    "random": {
      "avg": 1.3427162170410156e-05,
      "std": 9.573007211351905e-06
    },
    "random10sum": {
      "avg": 1.3427162170410156e-05,
      "std": 9.573007211351905e-06
    },
    "random10count13": {
      "avg": 1.3427162170410156e-05,
      "std": 9.573007211351905e-06
    },
    "random10rank": {
      "avg": 1.3427162170410156e-05,
      "std": 9.573007211351905e-06
    },
    "random10count26": {
      "avg": 1.3427162170410156e-05,
      "std": 9.573007211351905e-06
    }
  }
}