{
  "accuracies": {
    "random": {
      "avg": 0.00625,
      "std": 0.00625,
      "count": 2
    }
  },
  "runtime": {
    "random": {
      "avg": 3.267228603363037e-05,
      "std": 7.373404742086678e-06
    }
  }
}