{
  "accuracies": {
    "pgmexplainer": {
      "avg": 0.08186000457875457,
      "std": 0.012142190182082263,
      "count": 10
    },
    "gnnexplainer": {
      "avg": 0.1280626144688645,
      "std": 0.008912084331259517,
      "count": 10
    },
    "sa": {
      "avg": 0.2500177426739926,
      "std": 0.01159490821339538,
      "count": 10
    },
    "random": {
      "avg": 0.0440330815018315,
      "std": 0.0025758030018662678,
      "count": 10
    },
    "ig": {
      "avg": 0.8762438186813188,
      "std": 0.013541559804770351,
      "count": 10
    }
  },
  "runtime": {
    "pgmexplainer": {
      "avg": 4.3944580577611925,
      "std": 0.0332414686640525
    },
    "gnnexplainer": {
      "avg": 0.502610568523407,
      "std": 0.004155846342928943
    },
    "sa": {
      "avg": 0.0036214523911476137,
      "std": 0.00014343777825250224
    },
    "random": {
      "avg": 3.5502433776855466e-05,
      "std": 5.228601716834061e-06
    },
    "ig": {
      "avg": 1.3761936606168748,
      "std": 0.026623537304511113
    }
  }
}