{
  "accuracies": {
    "gnnexplainer": {
      "avg": 0.13135531135531134,
      "std": 0.0,
      "count": 1
    },
    "sa": {
      "avg": 0.26708447802197804,
      "std": 0.0,
      "count": 1
    },
    "random": {
      "avg": 0.043493589743589745,
      "std": 0.0,
      "count": 1
    },
    "ig": {
      "avg": 0.8829349816849817,
      "std": 0.0,
      "count": 1
    }
  },
  "runtime": {
    "gnnexplainer": {
      "avg": 0.47199871301651003,
      "std": 0.003087409264551968
    },
    "sa": {
      "avg": 0.0031597501039505003,
      "std": 9.369767659546964e-05
    },
    "random": {
      "avg": 2.812802791595459e-05,
      "std": 2.8817301041113817e-06
    },
    "ig": {
      "avg": 1.2713503968715667,
      "std": 0.025086706181692522
    }
  }
}