{
  "accuracies": {
    "random": {
      "avg": 1.0,
      "std": 0.0,
      "count": 1
    }
  },
  "runtime": {
    "random": {
      "avg": 2.6460886001586914e-05,
      "std": 3.086252532059237e-06
    }
  }
}