{
  "accuracies": {
    "gnnexplainer": {
      "avg": 0.29481279137529137,
      "std": 0.01086696686081612,
      "count": 4
    },
    "gnnexplainer10sum": {
      "avg": 0.29481279137529137,
      "std": 0.01086696686081612,
      "count": 4
    },
    "gnnexplainer10count": {
      "avg": 0.2365049533799534,
      "std": 0.010961832098374612,
      "count": 4
    },
    "gnnexplainer10rank": {
      "avg": 0.2365049533799534,
      "std": 0.010961832098374612,
      "count": 4
    }
  },
  "runtime": {
    "gnnexplainer": {
      "avg": 0.47191786926984786,
      "std": 0.005865445147057285
    },
    "gnnexplainer10sum": {
      "avg": 0.47191786926984786,
      "std": 0.005865445147057285
    },
    "gnnexplainer10count": {
      "avg": 0.47191786926984786,
      "std": 0.005865445147057285
    },
    "gnnexplainer10rank": {
      "avg": 0.47191786926984786,
      "std": 0.005865445147057285
    }
  }
}