{
  "accuracies": {
    "random": {
      "avg": 1.0,
      "std": 0.0,
      "count": 1
    }
  },
  "runtime": {
    "random": {
      "avg": 2.690255641937256e-05,
      "std": 4.615577371905784e-06
    }
  }
}