{
  "accuracies": {
    "random": {
      "avg": 0.04437728937728938,
      "std": 0.0,
      "count": 1
    }
  },
  "runtime": {
    "random": {
      "avg": 2.5758147239685057e-05,
      "std": 2.9968380228839097e-06
    }
  }
}