{
  "accuracies": {
    "random": {
      "avg": 0.0,
      "std": 0.0,
      "count": 1
    }
  },
  "runtime": {
    "random": {
      "avg": 3.884732723236084e-05,
      "std": 1.2654634254406533e-05
    }
  }
}