{
  "accuracies": {
    "random": {
      "avg": 1.0,
      "std": 0.0,
      "count": 1
    }
  },
  "runtime": {
    "random": {
      "avg": 9.648467219153116e-05,
      "std": 1.1427779087345638e-05
    }
  }
}