,train_acc,test_acc,test2_acc
0,0.9976666666666667,0.993,0.375
1,0.9993333333333333,0.996,0.255
2,0.997,0.991,0.285
3,0.9953333333333333,0.9876666666666667,0.377
4,0.984,0.977,0.263
5,0.9953333333333333,0.9903333333333333,0.596
6,0.998,0.99,0.278
7,0.9936666666666667,0.985,0.304
8,0.998,0.9873333333333333,0.277
9,0.9976666666666667,0.9896666666666667,0.385
