,train_acc,test_acc,test2_acc
0,0.9673333333333334,0.9543333333333334,0.866
1,1.0,0.9996666666666667,0.948
2,0.9926666666666667,0.9886666666666667,0.84
3,0.9903333333333333,0.9886666666666667,0.828
4,0.99,0.984,0.799
5,0.97,0.9623333333333334,0.751
6,0.979,0.9813333333333333,0.751
7,0.9996666666666667,0.9986666666666667,0.992
8,1.0,0.9973333333333333,0.999
9,0.9763333333333334,0.967,0.79
